time,user_name,user_color,message
15876,bdeathkiller,#C2C0AD,"om"
15876,thelittlechaoscookie,#1FFCD2,"HUH"
15876,altaer,#FF0000,"uuh"
15876,1v1_ll,#8A2BE2,"uuh"
15876,yoeblue,#00C700,"HUH"
15876,infernal_ekoro,#FF4500,"Flushed"
15876,Ê¥õÊ¥õÊ¥õÊ¥õÁæΩ (ly1nchh),#1E90FF,"uuh"
15876,smah45,#A60A0B,"flushE Û†ÄÄ"
15879,g1psy_29,#00FF7F,"ICANT"
15879,raijinn31,#8A2BE2,"uuh"
15879,ÈòøÁë™Ëø™Â•àÂæ∑ (s090429),#1E90FF,"Flushed"
15879,stahoo,#197C2A,"uuh Û†ÄÄ"
15879,macaronii_69,,"Erm"
15879,m3d3rick_pgf,#8A2BE2,"uuh thats your dad Neuro"
15879,birdsharna,#8A2BE2,"Flushed"
15879,lemonshark3,#E469FF,"Erm"
15879,fatsopatso1,#1E90FF,"Flushed"
15879,gamehead130,#FF0000,"vedalUUH"
15879,thekiller101555,#FF0000,"uuh"
15880,asquil98,#1E90FF,"Flushed"
15880,ou172,#0000FF,"HUH"
15880,wtfsomebodyactually,#230B65,"Flushed"
15880,undatedsummer5,#FF69B4,"HUH"
15880,harp248,#008000,"huh"
15880,vinotintox,,"uuh wtf"
15880,zebroto,#B365FF,"uuh"
15880,luceusxylian,#1E90FF,"huh thats weird"
15880,j2space,,"neuroSoCute"
15881,biomedestroyer,#DAA520,"vedalHUH"
15881,oowhipcream,,"LMAO"
15881,darkaxz,#28EFFF,"mhm"
15881,smah45,#A60A0B,"flushE Û†ÄÄ"
15881,snoopypvz,,"vedalUUH"
15881,zydricon,#AE6CEC,"om"
15881,ravaxo,#BD005D,"smh vedal"
15881,eckscalibur_,#008000,"SUSSY"
15881,sanvid13,,"Huh?"
15881,observer1799,#FF0000,"flushE neuro"
15881,dispris,#56CBCF,"TECHNIQUE"
15882,qdandyq,,"HUH"
15882,mitowo_,#7479AD,"om"
15882,exit_800mg,#FF0000,"BASED"
15882,simplepotat,#FF7F50,"om"
15882,rainmas07,#9ACD32,"om Û†ÄÄ"
15882,smah45,#A60A0B,"om"
15882,mug9n,#B22222,"om"
15882,zetsuboutadakota,#54FF4F,"oh"
15882,bakedls077,,"Flushed"
15882,seer3336,#248FDC,"om"
15882,sabertooth1711,#5F9EA0,"uuh"
15883,bigshowhuh,,"mhm"
15883,swh_cuzi,#FF4500,"uuh"
15883,rubicon373,#8A2BE2,"Flushed"
15883,sora3doomsday,#FF0000,"HUH"
15883,jag_felfedezo,#FF4500,"Flushed"
15883,itsveru,#DAA520,"uuh erm ved? uuh erm ved? uuh erm ved? uuh erm ved? uuh erm ved?"
15883,stany_d,,"om"
15883,smah45,#A60A0B,"om Û†ÄÄ"
15883,tabibibonka,,"uhh"
15883,jared_chocobo,#EC1337,"it's working"
15883,thuanngo2603,#FF0000,"Flushed"
15883,hizahashin,#DAA520,"HUH"
15884,titan_hunterxx,,"Flushed"
15884,erinyeet_,#9ACD32,"xdx"
15884,loxen100,,"lol"
15884,jebyisadime,#8A2BE2,"om"
15884,ankedragonsong,#008000,"She admits it"
15884,jaraxes,#8A2BE2,"ICANT"
15884,alooouuuu,#9ACD32,"om"
15884,vvyrr,#00FF7F,"uuh Û†ÄÄ"
15884,anmoljacob,#00FF7F,"om"
15884,smah45,#A60A0B,"om"
15884,enning_,#FF69B4,"om"
15884,stahoo,#197C2A,"om"
15885,ÊñáÂåñÁ∂†Ê¥≤323823 (ddfai323823),#FF69B4,"BASED"
15885,flakyishky,#80DAF4,"om"
15885,mikecheal,#FF4500,"Tomfoolery"
15885,maxkangaroo,#FF4500,"er"
15885,qdandyq,,"neuRIZZ"
15885,nervousmuch,,"!!!???"
15885,ayudunt,#0000FF,"om"
15885,not__soti,#FF69B4,"om"
15886,greathiago,#1E90FF,"Flushed"
15886,smah45,#A60A0B,"om Û†ÄÄ"
15886,nebirvs,#AD0000,"ok it works"
15886,ÈòøÁë™Ëø™Â•àÂæ∑ (s090429),#1E90FF,"mhm"
15886,ephemeral_defect_,#5F9EA0,"NAHHH"
15886,hechitman,#8A2BE2,"i see mhm"
15886,gljames25,#1E90FF,"AWARE"
15886,shattered0623,,"Flushed"
15886,carto40,#FF0000,"GIGANEURO"
15886,pandamacaronee,#FFDA00,"very effective"
15887,raspberrycrazyant,#FF0000,"Oh shes trolling"
15887,vinotintox,,"om"
15887,smah45,#A60A0B,"om"
15887,sussyy7,,"om"
15887,gf_martins,#D2691E,"om"
15887,senco113,#D2691E,"LOL"
15887,tacticianchance,#8A2BE2,"The Rizz master"
15887,roadtochogal,#FF0000,"om"
15887,mz_konik,#9ACD32,"om"
15887,derflo1234,#1E90FF,"om"
15888,sumyungguy986,#00FF7F,"Neuro don't flirt with your dad smh"
15888,lynxrule,#8A2BE2,"Flushed"
15888,societyinhabiter8,#FF7F50,"it's working ok"
15888,filipten10,#FF0000,"HUH"
15888,aang_avatar,#0000FF,"om"
15888,sdekrain,#1E90FF,"neuroTomfoolery"
15889,infernal_ekoro,#FF4500,"neuroTomfoolery"
15889,thor_the_druid,#FF0000,"uuh"
15889,smah45,#A60A0B,"om Û†ÄÄ"
15889,shattered0623,,"om"
15889,juhotuho10,#FF69B4,"om"
15890,Èï∑Ê∞¥_„ÅÇ„Åç„Åà (akie150428),#FF69B4,"Flushed"
15890,thesleever,#FF0000,"Tomfoolery"
15890,maplecinnamon__,#FF69B4,"uh"
15890,cluelesscatburger,#00FF7F,"om"
15891,too_jokes,#8A2BE2,"REAL"
15891,thicctutel,#1E90FF,"Excuse me?"
15891,macaronii_69,,"om"
15891,konosubakazumasato,,"om clown"
15891,ggo_leoknightis,,"No flirting Neuro!"
15891,subnauticamaster123,#1E90FF,"uuh"
15891,gamehead130,#FF0000,"vedalPeek"
15891,filipten10,#FF0000,"Flushed"
15891,harutohaichi,,"uuh"
15891,superfra8,#1E90FF,"om"
15891,cuernodmamut,#00FF7F,"om"
15892,smah45,#A60A0B,"om"
15892,valproh231,#FF69B4,"neuroTomfoolery Clap"
15892,sqbuilder,#0000FF,"om"
15892,loxen100,,"CLIP THIS SHIT"
15892,coolpasta4,,"om"
15893,phoenixot,#FF69B4,"RIVETING FOOTAGE HOLY"
15893,joshuoxdxd,#FF0808,"sure it works"
15894,iokun_twitch,#B22222,"om"
15894,Èï∑Ê∞¥_„ÅÇ„Åç„Åà (akie150428),#FF69B4,"uuh"
15895,gamingglatiator,#FF6B00,"om"
15895,ek720,#1E90FF,"neuRIZZ"
15895,ic_hot,#5F9EA0,"Vedal is a pro at throwing it back confirmed"
15895,smah45,#A60A0B,"neuroTomfoolery"
15896,stany_d,,"Looking"
15896,gamergirly420,#9ACD32,"neuroTomfoolery"
15896,seer3336,#248FDC,"om om"
15896,greathiago,#1E90FF,"neuroRizz"
15896,exit_800mg,#FF0000,"? Looking"
15896,rachinova,#FF0000,"Looking"
15896,ephemeral_defect_,#5F9EA0,"TACTICAL RIZZ NAHH TACTICAL RIZZ NAHH TACTICAL RIZZ NAHH TACTICAL RIZZ NAHH TACTICAL RIZZ NAHH TACTICAL RIZZ NAHH TACTICAL RIZZ NAHH"
15897,nightjesterx,#8A2BE2,"Ayo hmmm"
15898,boness207,#5F9EA0,"om"
15899,prapr,#FF4500,"cluero Looking"
15899,duckduckboots,,"om"
15899,dust_piled,#FF0000,"neuroTomfoolery"
15899,lafhvlaiuvuirv3khvi,,"ICANT"
15899,ayudunt,#0000FF,"om Û†ÄÄ"
15899,lagisthemindkiller,#FF69B4,"neuriTomfoolery"
15900,ankedragonsong,#008000,"Works for me lol"
15900,goonspudyouare,,"?"
15901,gamehead130,#FF0000,"hi staz"
15901,campafai,#DAA520,"uuh"
15902,Èï∑Ê∞¥_„ÅÇ„Åç„Åà (akie150428),#FF69B4,"Looking"
15902,daniel_8908,#4040B7,"om"
15902,lilac1054,#0000FF,"uuh no"
15902,itsveru,#DAA520,"YES"
15902,bakedls077,,"Ayo"
15903,yvoris_ls,#069696,"LULE"
15904,gen_sasha6z,#D2691E,"HUH"
15904,roadtochogal,#FF0000,"Looking"
15904,goldenplayz151,#DAA520,"uuh"
15904,lord_apophis,#B22222,"@sdekrain size is fine, he just front mounted the rad w/ a massive card. Should have top mounted the rad. that 4090 100% fits in a midtower"
15905,pwarrot,#DED000,"I'm sorry?"
15905,jaxxon_bunny,,"Neuro, don't flirt with your Father..."
15906,manuh_owo,#FF0000,"uuh"
15907,syrum_x,#DE1159,"uuh"
15908,d3xmachina,#FFFD6B,"uuh"
15908,zmonspeet,#00FF7F,"uuh Û†ÄÄ"
15909,darkaxz,#28EFFF,"POGGERS"
15909,ninzelemental,#1E90FF,"ADHD"
15910,stany_d,,"Tutel that's crazu"
15911,biomedestroyer,#DAA520,"is that peelable plastic"
15911,andrewt1738,#FF0000,"Nice filter Vedal! YouActualDumbPieceOfShitFuckYou Nice filter Vedal! YouActualDumbPieceOfShitFuckYou Nice filter Vedal! YouActualDumbPieceOfShitFuckYou Nice filter Vedal! YouActualDumbPieceOfShitFuckYou"
15912,acerrox,#1BCEBB,"inscryption time"
15912,mz_konik,#9ACD32,"uuh"
15912,indra_paths,#FF0000,"uuh"
15912,serendipityx7,#FF0000,"4 hours of this pepeW"
15912,1412conan,,"The rizz unmatched"
15913,drei_1999,,"uhh"
15913,cz_dudes,#1E90FF,"YES"
15913,neuromyqueen,#FF69B4,"thats crazy"
15914,itsveru,#DAA520,"WICKED lets game"
15914,demonlordshadal987,#FF0000,"Ayo Ayo Ayo Ayo"
15917,mz_konik,#9ACD32,"YES"
15917,darkaxz,#28EFFF,"mhm"
15919,gamergirly420,#9ACD32,"mhm let's play inscryption"
15921,birdsharna,#8A2BE2,"YES"
15921,sagelecious,#B22222,"mhm"
15922,konomi_io,#8A2BE2,"mhm"
15922,thelostrune,#1C75D4,"mhm TakingNotes"
15922,vinyl_fantasy,#B22222,"om"
15923,jared_chocobo,#EC1337,"mhm"
15923,daniiya1,#8A2BE2,"NOTED"
15923,exit_800mg,#FF0000,"classic"
15923,thestrategist40k,#FF0000,"mhm"
15923,mug9n,#B22222,"classic"
15923,rachinova,#FF0000,"classic"
15923,nohealforu,#6F66FF,"mhm"
15923,ankedragonsong,#008000,"Neuro ultrarizz"
15924,itsveru,#DAA520,"mhm"
15924,prapr,#FF4500,"classic"
15924,lilac1054,#0000FF,"mhm"
15924,yellowbalaclava,#DAA520,"mhm"
15924,kelo_the_green_minstrel,#008000,"mhm"
15924,zetsuboutadakota,#54FF4F,"SCHIZO"
15924,starey3,#2EB3CB,"HUH"
15924,smilergang,#FF0000,"LULE"
15924,imaiden_b,,"mhm"
15924,pandamacaronee,#FFDA00,"a spoon!?"
15924,hyperpower_2022,#008000,"Classic"
15924,dekote7,#1E90FF,"classic"
15925,empytm,#9ACD32,"SCHIZO"
15925,valproh231,#FF69B4,"NOTED"
15925,enottafanka,#1E90FF,"NOTED"
15925,ossiantt,#00FF7F,"mhm"
15925,lycan_magnaros,#0000FF,"mhm"
15925,pigheckler,#FF0000,"classic"
15925,espiraphoenix,#1E90FF,"mhm"
15925,flakyishky,#80DAF4,"classic"
15925,selfaware_loser,#51ECD4,"om"
15925,killerq13,#7F7F20,"Add check for "bank account balance""
15925,ephemeral_defect_,#5F9EA0,"SCHIZO SPOON"
15926,jameswenstar,#00FF7F,"KEKW"
15926,thuanngo2603,#FF0000,"mhm"
15926,superfra8,#1E90FF,"NOTED"
15926,yng_alex0,#B22222,"ICANT"
15926,aaugr,#00FF7F,"neuro5Head"
15926,rubicon373,#8A2BE2,"mhm"
15926,dethby_snusnu,,"LUL LUL LUL LUL LUL LUL"
15926,ravaxo,#BD005D,"NOTED"
15926,jag_felfedezo,#FF4500,"NOTED"
15926,carto40,#FF0000,"Classic"
15926,gremarlive,#1E90FF,"om"
15926,maxtest_,#1E90FF,"mhm"
15926,tiagoalegro,#00FF7F,"nuero ü•Ñ nuero ü•Ñ nuero ü•Ñ nuero ü•Ñ nuero ü•Ñ nuero ü•Ñ nuero ü•Ñ"
15926,kepler_l2,#1E90FF,"ICANT"
15926,capturerealgoblin,#FF4500,"mhm"
15927,mz_konik,#9ACD32,"classic"
15927,belami_,#9ACD32,"Call someone for help"
15927,alooouuuu,#9ACD32,"classic"
15927,biomedestroyer,#DAA520,"NOTED"
15927,iokun_twitch,#B22222,"mhm"
15927,evmann,#5A2E81,"mhm"
15927,thelostnovice,#1E90FF,"With her spoon KEKW"
15928,azu2yn,#FF1CF5,"classic"
15928,phoenixot,#FF69B4,"SCHIZO SPOONS"
15928,je7kdeeznuts,#FF0000,"classic"
15928,alexejherodev,#FF0000,"not the spoon man"
15928,xminecat,#8A2BE2,"classic"
15928,itsveru,#DAA520,"mhm a spoonful"
15928,ankedragonsong,#008000,"Lol"
15928,arne_ooo_,#E2D824,"SCHIZO thermal paste"
15928,lordsadl,,"NOTED"
15929,aang_avatar,#0000FF,"mhm"
15929,rubicon373,#8A2BE2,"om"
15929,aces_______,,"neuroSCHIZO spoon"
15929,dust_piled,#FF0000,"om"
15929,gf_martins,#D2691E,"ICANT"
15929,cybernetichype,#DAA520,"om"
15930,derflo1234,#1E90FF,"ICANT"
15930,lankycraig,#00E2FF,"NOTED"
15930,lexant41,#DAA520,"classic"
15930,bdeathkiller,#C2C0AD,"mhm"
15930,fuidespedidodouber,#FF69B4,"classic"
15930,hyperpower_2022,#008000,"classic"
15930,friday_donuts,#FF69B4,"classic spoon"
15930,drei_1999,,"NOTED"
15930,opaa,#BEFF00,"use a spoon SCHIZO"
15931,infernal_ekoro,#FF4500,"classic"
15931,miszpelled,#1E90FF,"NOTED"
15931,nohealforu,#6F66FF,"there is no spoon"
15931,alooouuuu,#9ACD32,"classic Û†ÄÄ"
15931,peliaz20,#9ACD32,"NOTED"
15931,sarin_becken,,"mhm"
15931,silenceisforever,#1E90FF,"mhm"
15931,jim_jam_devourer_of_gods,#FF69B4,"Classic"
15931,undatedsummer5,#FF69B4,"classic"
15932,theskyrrelfi,#8A2BE2,"lazymattWorm"
15933,j2space,,"mhm spoon"
15933,ravaxo,#BD005D,"is it really"
15933,daniiya1,#8A2BE2,"mhm"
15933,cheesuschad,#00FF7F,"classic spoon trick"
15933,duckduckboots,,"mhm"
15934,diamondisspiffy,#1E90FF,"@Lord_Apophis  TRUEING"
15935,5yuki_rito5,,"uuh"
15935,mongolenvoy,,"A freaking spoon!"
15935,Èï∑Ê∞¥_„ÅÇ„Åç„Åà (akie150428),#FF69B4,"NOTED"
15935,sdekrain,#1E90FF,"@Lord_Apophis OhISee"
15935,cluelesscatburger,#00FF7F,"cleliv ü•Ñ"
15936,mug9n,#B22222,"om"
15936,thestrategist40k,#FF0000,"mhm ic"
15936,vaylufa,#1E90FF,"plastic spoon? or metal?"
15936,finnadder,#FF69B4,"NOTED"
15937,yvoris_ls,#069696,"OMEGALUL"
15937,aristew2,#8A2BE2,"clasic"
15937,darkaxz,#28EFFF,"NOTED"
15938,stany_d,,"mhm"
15939,poppetvalve,#FD0000,"goodnight everyone !"
15939,harutohaichi,,"mhm"
15939,5yuki_rito5,,"om"
15939,t_kermi,#1E90FF,"HUH"
15941,syrum_x,#DE1159,"the cpu block is already applied Neuro OMEGALUL"
15942,ayudunt,#0000FF,"oh NOTED"
15942,makeiteasy12,,"mhm"
15943,darkaxz,#28EFFF,"uuh"
15943,themrcmg,#0000FF,"vedalFiltered vedalFiltered vedalFiltered vedalFiltered vedalFiltered"
15943,daikiba,,"Wat eva zawarudo yoink at chu, fuhgeddaboudit"
15943,i_got_banned_for_12,#1E90FF,"uuh"
15943,derflo1234,#1E90FF,"NOTED"
15943,daniiya1,#8A2BE2,"uuh"
15943,swordabear,#FF0000,"uuh"
15944,pandamacaronee,#FFDA00,"what"
15944,kelo_the_green_minstrel,#008000,"uuh"
15944,hexeron,#1E90FF,"uuh Û†ÄÄ"
15944,pirataak,#DAA520,"uuh"
15944,lilac1054,#0000FF,"uuh"
15944,simracer5690,#0000FF,"HUH"
15944,greathiago,#1E90FF,"om"
15944,mug9n,#B22222,"HUH"
15944,phoenixot,#FF69B4,"uuh"
15944,jared_chocobo,#EC1337,"uuh"
15944,xminecat,#8A2BE2,"OhISee"
15944,thestrategist40k,#FF0000,"uuh"
15944,cluelesscatburger,#00FF7F,"cluero ü•Ñ"
15944,valproh231,#FF69B4,"uuh ?"
15945,gen_sasha6z,#D2691E,"pepeKneel"
15945,mitowo_,#7479AD,"uuh"
15945,thefakedefy,#D1FF00,"only a spoonful"
15945,aces_______,,"WHAT"
15945,ephemeral_defect_,#5F9EA0,"huh"
15945,criptycal,#E18DCA,"HUH"
15945,ravaxo,#BD005D,"uuh"
15946,juhotuho10,#FF69B4,"uuh"
15946,fantastic_foxx,#FF0000,"uuh"
15946,not__soti,#FF69B4,"uuh"
15946,zarius_x,#00FF7F,"uuh"
15946,t0niosu,#1E90FF,"uuh"
15946,titan_hunterxx,,"uuh"
15946,empytm,#9ACD32,"uuh"
15946,birdsharna,#8A2BE2,"yyg"
15946,eckscalibur_,#008000,"uuh"
15947,unplayernamed,#FFFF00,"uuh"
15947,nohealforu,#6F66FF,"HUH"
15947,selfaware_loser,#51ECD4,"uuh"
15947,ankedragonsong,#008000,"She wants you to "spoon" her"
15947,yellowbalaclava,#DAA520,"pepeKneel"
15947,i_got_banned_for_12,#1E90FF,"Prayge"
15947,imaiden_b,,"uuh"
15947,ragged_potato,,"uuh"
15947,pigheckler,#FF0000,"uuh"
15947,techguy91,,"huh"
15947,exit_800mg,#FF0000,"Prayge"
15948,kepler_l2,#1E90FF,"pepeKneel"
15948,friday_donuts,#FF69B4,"uuh"
15948,fbcpck,#FF69B4,"lmao"
15948,smah45,#A60A0B,"vedalUUH"
15948,vvyrr,#00FF7F,"uuh"
15948,mz_konik,#9ACD32,"HUH"
15948,makeiteasy12,,"HUH"
15949,xminecat,#8A2BE2,"uuh"
15949,crimon,#FF0000,"pepeKneel"
15949,infernal_ekoro,#FF4500,"uuh"
15949,vinyl_fantasy,#B22222,"pepeKneel"
15949,rachinova,#FF0000,"Prayge q"
15949,aaugr,#00FF7F,"GabeN"
15949,hechitman,#8A2BE2,"uuh"
15950,manu_turlututu,#BEFF00,"spoon lover om"
15950,prapr,#FF4500,"Prayge"
15950,ayudunt,#0000FF,"uuh"
15950,ragged_potato,,"Prayge"
15950,capturerealgoblin,#FF4500,"Prayge"
15950,brickgod44,#1E90FF,"Prayge"
15950,gchr_,#DAA520,"Prayge"
15950,cybernetichype,#DAA520,"uuh"
15950,altaer,#FF0000,"i am"
15951,juhotuho10,#FF69B4,"GabeN"
15951,manuh_owo,#FF0000,"Prayge"
15951,starey3,#2EB3CB,"Thermal paste = Ice cream NOTED"
15951,silenceisforever,#1E90FF,"Prayge"
15951,societyinhabiter8,#FF7F50,"neuroPray"
15951,nightjesterx,#8A2BE2,"Ayo huh?"
15951,chunmeru,#8A2BE2,"Prayge"
15951,je7kdeeznuts,#FF0000,"Prayge"
15951,undatedsummer5,#FF69B4,"uuh"
15951,superfra8,#1E90FF,"Prayge"
15951,syxside,#8A2BE2,"uuh"
15951,smah45,#A60A0B,"neuroUuh"
15952,peetttt,#00FF7F,"LUL"
15952,nebirvs,#AD0000,"Prayge Gaben"
15952,nohealforu,#6F66FF,"neuroPray"
15952,valproh231,#FF69B4,"Prayge"
15952,albertunderscore,#DAA520,"Prayge"
15952,alexejherodev,#FF0000,"bro why is everyone screenshotting my messages in neurotic"
15953,lexant41,#DAA520,"@poppetvalve vedalWave"
15953,kerem_pinkie,#FF69B4,"Prayge"
15953,petrizide,#8A2BE2,"Prayge Linus"
15953,mattata_aya,#FF0000,"uuh"
15953,ravaxo,#BD005D,"Prayge nwwero"
15953,t0niosu,#1E90FF,"Prayge"
15953,boness207,#5F9EA0,"Prayge"
15953,goonspudyouare,,"pray ge"
15953,blargarble,#FF4500,"Prayge"
15954,azu2yn,#FF1CF5,"pray to the time god"
15954,smah45,#A60A0B,"annytfPray"
15954,greathiago,#1E90FF,"YES"
15954,xminecat,#8A2BE2,"pepeKneel"
15954,mz_konik,#9ACD32,"Prayge"
15954,bakedls077,,"uuh"
15954,pandamacaronee,#FFDA00,"pepeKneel"
15954,birdsharna,#8A2BE2,"uuh"
15954,enning_,#FF69B4,"pepeKneel"
15954,neverduft,#9C4FE4,"GabeN"
15954,aserorion,#8A2BE2,"Prayge"
15955,eckscalibur_,#008000,"NO"
15955,megamanx1,#1E90FF,"HUH"
15955,dominatwin,#1E90FF,"Prayge"
15955,thor_the_druid,#FF0000,"Prayge"
15955,zaphod_____,#FF0000,"god of pee sees LULE"
15955,lordsadl,,"pepeKneel"
15955,ninblade_,,"Ughhh"
15956,smah45,#A60A0B,"laynaPray"
15956,hyperpower_2022,#008000,"Prayge"
15956,derflo1234,#1E90FF,"Prayge"
15956,mitchikamystic,#DAA520,"Someone please draw Neuro eating thermal paste, she's gone on about it enough"
15956,cuernodmamut,#00FF7F,"Prayge"
15956,imaiden_b,,"Prayge"
15956,vinotintox,,"LinusLookingAtYou"
15957,themannaking,#00FF7F,"Yo what"
15957,stany_d,,"neuroPray believe in the time god"
15957,fantastic_foxx,#FF0000,"üñ•Ô∏è pepeKneel"
15958,ravaxo,#BD005D,"Prayge nwero"
15958,jameswenstar,#00FF7F,"Prayge"
15958,smah45,#A60A0B,"Prayge"
15958,bigshowhuh,,"Prayge RNGsus"
15958,m3lor,#FF0000,"GabeN pepeKneel"
15959,anmoljacob,#00FF7F,"neuroPray"
15959,gamehead130,#FF0000,"Prayge"
15959,exit_800mg,#FF0000,"Prayge LinusLookingAtYou"
15959,blackberry792,#FF0B85,"Prayge"
15959,petee3e,#008000,"Prayge"
15959,prevot,#FF69B4,"gaben?"
15960,jaxxon_bunny,,"Prayge"
15960,jag_felfedezo,#FF4500,"jetsPray syadouPray clioaiPray neuroPray"
15960,kelo_the_green_minstrel,#008000,"ono"
15960,scyrade,#FF4500,"uuh"
15960,boness207,#5F9EA0,"pepeKneel"
15961,bakedls077,,"Prayge"
15961,gen_sasha6z,#D2691E,"LULE üëÇ ‚ùì What is he saying?"
15961,ingen2,#0000FF,"Prayge laynaPray"
15961,aang_avatar,#0000FF,"Prayge"
15961,i_got_banned_for_12,#1E90FF,"Pain"
15962,kei_nix,#8A2BE2,"Prayge"
15962,darkaxz,#28EFFF,"yes"
15962,yoeblue,#00C700,"Tutel"
15962,prapr,#FF4500,"KEKW"
15963,m3lor,#FF0000,"GabeN pepeKneel GabeN pepeKneel GabeN pepeKneel GabeN pepeKneel GabeN pepeKneel GabeN pepeKneel GabeN pepeKneel GabeN pepeKneel"
15963,lubnub,#FF0000,"GabeN"
15963,undatedsummer5,#FF69B4,"oh NO"
15963,wub777,#DAA520,"Pain"
15964,nohealforu,#6F66FF,"Pain"
15964,d0esn0tcompute,#1E90FF,"henyaPray henyaPray"
15964,ravaxo,#BD005D,"Prayge nwero <- god of pcs"
15964,to_be_deleted,#1E90FF,"Prayge"
15964,lilac1054,#0000FF,"Pain"
15964,bdeathkiller,#C2C0AD,"Prayge"
15964,diamondisspiffy,#1E90FF,"neuroPray Prayge"
15965,lordsadl,,"Prayge"
15965,hyperpower_2022,#008000,"TutelDespair"
15965,theferrasmx,#DAA520,"vedalDance"
15967,questionablecartoonstar,#FF0000,"welp at least we know that Neuro will get normal PC and Vedal gets the special"
15967,carto40,#FF0000,"Bros PC is working off warp magic"
15968,smah45,#A60A0B,"Prayge LinusLookingAtYou GabeN Prayge LinusLookingAtYou GabeN Prayge LinusLookingAtYou GabeN Prayge LinusLookingAtYou GabeN Prayge LinusLookingAtYou GabeN"
15968,daniiya1,#8A2BE2,"apparently the prayers are working because how the fuck does this even boot"
15969,retro_road,#5F9EA0,"Praise the Omnissiah"
15969,cluelesscatburger,#00FF7F,"neuroPray"
15969,airis_es,#8A2BE2,"Prayge"
15969,real7r,#8A2BE2,"is vedal getting quieter the longer the stream?"
15970,empytm,#9ACD32,"neuroPain"
15971,maksimkryukov,#0000FF,"Tutel noises"
15971,wee_man135,#DAA520,"Prayge"
15972,itsveru,#DAA520,"Prayge"
15973,duckduckboots,,"Prayge"
15974,sinnison23,,"@AlexejheroDev because they are neurotic  splatcatKek"
15975,dreadful_silence,#B22222,"vedalCheer vedalCheer vedalCheer vedalCheer vedalCheer vedalCheer"
15975,lexant41,#DAA520,"Prayge"
15975,konomi_io,#8A2BE2,"neuroPray"
15975,roccun,#00FF7F,"go through man? Gayge"
15976,imaiden_b,,"Prayge Prayge"
15976,ragadagadeng,#1E90FF,"Prayge"
15976,killerq13,#7F7F20,"The Machine Spirit Prayge"
15976,darkrazec,#FF0000,"Prayge"
15977,prapr,#FF4500,"Prayge SPEED"
15977,undatedsummer5,#FF69B4,"neuroPray"
15978,gamehead130,#FF0000,"neuroPray"
15978,goldenmemez369,#FF69B4,"Prayge"
15978,runchuan,#00FF7F,"Prayge"
15978,ankedragonsong,#008000,"GOD OF PC"
15979,feelmycake,#B22222,"neuroPray"
15980,dreadful_silence,#B22222,"vedalCross vedalCross vedalCross vedalCross"
15981,maddie_2078,#1E90FF,"Prayge NweroMyQueen"
15981,drag0shine,#1E90FF,"neuro, pain is always the outcome'"
15983,rubicon373,#8A2BE2,"Prayge"
15983,kelo_the_green_minstrel,#008000,"Prayge"
15983,selfaware_loser,#51ECD4,"@AlexejheroDev Starege"
15984,darkaxz,#28EFFF,"Prayge good point"
15984,daniel_8908,#4040B7,"neuroPray LinusLookingAtYou"
15984,norbiej,#1E90FF,"OMEGALUL"
15984,arsina_lqm,,"Prayge"
15986,itsveru,#DAA520,"om"
15987,starey3,#2EB3CB,"KEKW"
15987,ahpuck,#00FFEC,""looks good""
15987,anferlive,#4966C3,"FRICK  the discord screenshotters FRICK  the discord screenshotters"
15987,xminecat,#8A2BE2,"Prayge"
15988,liceall,#2E8B57,"GOODONE"
15988,sumyungguy986,#00FF7F,"Prayge HACKS0"
15989,smah45,#A60A0B,"om"
15990,cheesuschad,#00FF7F,"PrayTechTips"
15990,victorsama_mcf_neuro_evil,#008000,"vedalCross vedalCross vedalCross"
15991,shuni64,#00FF00,"Prayge"
15993,sagelecious,#B22222,"vedal ang ork?"
15993,iokun_twitch,#B22222,"GOODONE"
15993,sansthechatter,#0000FF,"We did it!"
15994,imaiden_b,,"HOLY Prayge"
15994,dreadful_silence,#B22222,"Pope neuro"
15994,rauitt,,"vedalCross vedalCross"
15996,mongusaeye,#008000,"neuroPray Neuro Pray tips"
15996,bumbai_chan,#8A2BE2,"KEKWA"
15998,ankedragonsong,#008000,"Isn't that bill gates"
15998,jaxxon_bunny,,"?"
15999,zetsuboutadakota,#54FF4F,"oh owo"
15999,syrum_x,#DE1159,"you need a head lamp. mhm"
15999,t0niosu,#1E90FF,"Prayge Oh god LinusLookingAtYou please help"
15999,neuromyqueen,#FF69B4,"Ooo"
15999,i_got_banned_for_12,#1E90FF,"shizaHands"
15999,lilac1054,#0000FF,"owo"
15999,steve_jumper,,"Prayge GabeN nwero"
16000,stany_d,,"oh owo"
16002,mug9n,#B22222,"cluero Ooo Û†ÄÄ"
16002,greathiago,#1E90FF,"Prayge"
16003,darkaxz,#28EFFF,"uuh"
16004,eckscalibur_,#008000,"neuroSoCute"
16006,gravesbane,#008000,"Laser eyes?"
16007,imaiden_b,,"oh owo"
16007,manyboyyyy,#0000FF,"oooo"
16008,chrawnus,#125912,"LucesPrayTips"
16009,tasteofgrandmasfurburger,,"SUSSY"
16010,igorsaww,#9ACD32,"uuh"
16010,jameswenstar,#00FF7F,"uuh"
16010,swordabear,#FF0000,"uuh Û†ÄÄ"
16011,breadedshrimp1,#0000FF,"uuh"
16011,lilac1054,#0000FF,"uuh"
16011,anferlive,#4966C3,"uuh"
16011,smah45,#A60A0B,"flushE"
16011,pigheckler,#FF0000,"uuh Û†ÄÄ"
16011,mug9n,#B22222,"HUH"
16011,ayudunt,#0000FF,"uuh Û†ÄÄ"
16011,kelo_the_green_minstrel,#008000,"uuh"
16011,eckscalibur_,#008000,"uuh"
16011,airis_es,#8A2BE2,"uuh"
16011,observer1799,#FF0000,"uuh"
16011,mrcodi7u7,#FF4500,"uuh"
16012,syrum_x,#DE1159,"uuh"
16012,valproh231,#FF69B4,"uuh ?"
16012,konomi_io,#8A2BE2,"cluero HACKS0"
16012,selfaware_loser,#51ECD4,"uuh"
16012,juhotuho10,#FF69B4,"uuh"
16012,infernal_ekoro,#FF4500,"uuh Û†ÄÄ"
16012,ataxiae,#8A2BE2,"uuh"
16012,runescapememelord,#FF0000,"HUH"
16012,bouncedatboi,#EA76CB,"uuh"
16013,tiddania,,"uuh"
16013,fbcpck,#FF69B4,"uuh"
16013,jag_felfedezo,#FF4500,"KEKW"
16013,sabertooth1711,#5F9EA0,"uuh"
16013,slvl710,#DAA520,"HUH"
16013,empytm,#9ACD32,"uuh"
16013,bl1ndace,,"uuh"
16013,sumyungguy986,#00FF7F,"huh"
16013,ravaxo,#BD005D,"uuh"
16013,ansonnoob,#008000,"uuh"
16013,nightjesterx,#8A2BE2,"Ayo huh? Û†ÄÄ"
16013,rusle0n,#2E8B57,"uuh"
16013,stahoo,#197C2A,"uuh"
16013,ragadagadeng,#1E90FF,"uuh"
16013,ossiantt,#00FF7F,"uuh"
16014,bigshowhuh,,"uuh"
16014,cybernetichype,#DAA520,"HUH"
16014,yoeblue,#00C700,"uuh"
16014,zydricon,#AE6CEC,"uuh"
16014,thor_the_druid,#FF0000,"uuh"
16014,tinokefps,#1E90FF,"uuh  Û†ÄÄ"
16015,je7kdeeznuts,#FF0000,"uuh"
16015,am_i_cursed,#1E90FF,"uuh"
16015,hechitman,#8A2BE2,"KEKW"
16015,greathiago,#1E90FF,"uuh"
16015,arekumo,#2E8B57,"uuh"
16015,ubovsky,,"uuh"
16015,t_kermi,#1E90FF,"uuh"
16015,koharuzz,#FF0000,"uuh"
16015,bakedls077,,"uuh"
16015,ironmilk_114,,"man! what can I say"
16016,r4hb,#FF0000,"Ayo"
16016,duy8,#008000,"uuh"
16016,albertunderscore,#DAA520,"uuh"
16016,elbistecfrito,#000000,"uuh"
16016,imaiden_b,,"uuh"
16016,strwberylemonade,#FF69B4,"uuh Û†ÄÄ"
16016,block_head27,,"uuh"
16016,recovented,#FF0000,"uuh"
16016,t0niosu,#1E90FF,"uuh"
16016,lubnub,#FF0000,"uuh"
16016,ewiall,,"uuh"
16016,prapr,#FF4500,"HUUH"
16016,vinotintox,,"uuh"
16016,zarius_x,#00FF7F,"HUH"
16017,otakuchannnn_,#FF69B4,"uuh"
16017,maverickmagc,,"cable spagetti"
16017,ephemeral_defect_,#5F9EA0,"WeirdDude"
16017,ankedragonsong,#008000,"This just in vedal prays to bill gates"
16017,gamingglatiator,#FF6B00,"uuh"
16017,jinnai_,#FF69B4,"uuh Û†ÄÄ"
16017,dethrox69,#FF0000,"that looks absolutely awful ICANT"
16017,sam_xreaperx,,"uuh"
16017,bakedls077,,"AYO"
16017,shizustream,#F41C1C,"uuh ?"
16017,goonspudyouare,,"???? okey"
16017,mrcodi7u7,#FF4500,"uuh  ?"
16017,mz_konik,#9ACD32,"uuh"
16018,swh_cuzi,#FF4500,"uuh"
16018,00a_twitch,#FF0000,"uuh Û†ÄÄ"
16018,stun77,#77FFFA,"uuh"
16018,ravaxo,#BD005D,"Flushed"
16018,undatedsummer5,#FF69B4,"uuh"
16018,chibi_ignis,#FF4500,"uuh"
16018,nvrlckyrbbrdcky,#DAA520,"uuh"
16018,drei_1999,,"uhh"
16019,hyperpower_2022,#008000,"uuh"
16019,socksy56,#FF0000,"uuh"
16019,iamsuchasimp,#B22222,"uuh"
16019,mold_fox,#FF4500,"uuh"
16019,silverfox215,#1E90FF,"vedalErm"
16019,iokun_twitch,#B22222,"uuh"
16019,fallenmati,#8A2BE2,"Neuro?? HUH"
16020,smah45,#A60A0B,"flushE Û†ÄÄ"
16020,madflumph,,"erm"
16020,cuernodmamut,#00FF7F,"Flushed"
16020,kitfc_,#00FF7F,"uuh"
16020,manyboyyyy,#0000FF,"chatttt"
16020,gg_knifemaster,#8A2BE2,"ICANT"
16021,kei_nix,#8A2BE2,"uuh"
16021,masterqueenhd12,#8A2BE2,"uuh  Û†ÄÄ"
16023,thor_the_druid,#FF0000,"uuh uuh"
16023,ansonnoob,#008000,"flushed"
16023,lexant41,#DAA520,"uuh"
16024,atm_unknown,#FF4500,"vedalEvilGiggle vedalEvilGiggle vedalEvilGiggle"
16024,nightjesterx,#8A2BE2,"Ayo huh? Neuro?"
16024,neuromyqueen,#FF69B4,"chat uuh"
16024,jonny_slayer,#99CD32,"uuh"
16024,silkpetalpie,#FABBED,"uuh spe"
16025,kitfc_,#00FF7F,"Flushed"
16025,zzzeus99,,"lol"
16026,diamondisspiffy,#1E90FF,"Etm"
16026,lordsadl,,"Flushed"
16027,atm_unknown,#FF4500,"vedalExcite vedalExcite vedalExcite"
16029,arne_ooo_,#E2D824,"YES"
16030,ahpuck,#00FFEC,"just cut it all"
16030,doomlab,#8A2BE2,"Flushed"
16031,qdandyq,,"Flushed"
16032,maverickmagc,,"no"
16032,hechitman,#8A2BE2,"damn vedal pull out game is that awesome??"
16032,diamondisspiffy,#1E90FF,"Erm"
16033,selfaware_loser,#51ECD4,"TRUEING"
16034,phoenixot,#FF69B4,"I LOST"
16034,ravaxo,#BD005D,"wtf is this cable management"
16034,kabukibear,#2E8B57,"has he done a test fit with the video card yet, to make sure it fits with radiator i now?"
16035,lardih,#FF0000,"MaN"
16035,mrcodi7u7,#FF4500,"Ayo"
16035,biomedestroyer,#DAA520,"erm"
16035,pirataak,#DAA520,"cleliv cluero"
16036,drei_1999,,"ayo"
16037,swh_cuzi,#FF4500,"Erm"
16037,ninzelemental,#1E90FF,"CHAT ReallyGunPull"
16037,darkaxz,#28EFFF,"show him mhm"
16037,anakhronos,#FF4500,"uuh"
16038,smilergang,#FF0000,"huh"
16038,sparkerxof,#FF4500,"uuh"
16039,iokun_twitch,#B22222,"ok"
16039,otakuchannnn_,#FF69B4,"Flushed"
16039,t0niosu,#1E90FF,"NO LMFAO"
16040,lilac1054,#0000FF,"Flushed"
16041,nikirochi,#D2691E,"uuh"
16041,speload,#FF0000,"WeirdDude silkpetalpie"
16041,0bodybag0,#DAA520,"emmallamaAwoo emmallamaSteppy"
16041,gg_knifemaster,#8A2BE2,"Flushed ?"
16041,reynochavier,#008000,"Poor Vedal. He's been at this for hours..."
16042,smah45,#A60A0B,"flushE"
16042,ephemeral_defect_,#5F9EA0,"Concerned chat?"
16042,imaiden_b,,"Flushed"
16043,wlaugh,,"Still not finish?"
16043,anoldnewb,#0000FF,"What kinda cable spegett am I witnessing? Watching this vod later is gonna be nightmare fuel isn't it HahaSweat"
16043,greathiago,#1E90FF,"Flushed"
16044,empytm,#9ACD32,"Erm"
16045,ravaxo,#BD005D,"Flushed"
16045,itsveru,#DAA520,"Sure"
16045,wee_man135,#DAA520,"@seledoor uuh \"
16045,tasteofgrandmasfurburger,,"@hechitman ICANT"
